Name,Age
Joseph,67
David,78
Karen,77
Barbara,31
Linda,73
James,99
John,58
Joseph,100
Jessica,42
Linda,69
John,35
Mary,84
William,43
Patricia,55
Michael,85
Robert,32
Karen,35
Jennifer,36
Jennifer,35
James,27
Thomas,89
Richard,62
Mary,18
John,60
Robert,30
David,37
Barbara,48
Linda,75
Jennifer,98
Michael,64
Robert,65
Jessica,40
William,63
Patricia,43
Joseph,45
Jennifer,75
Robert,32
Thomas,71
Richard,36
Karen,76
Richard,27
Jennifer,20
Karen,27
Thomas,19
Jennifer,44
John,30
Mary,75
Charles,19
Jessica,25
Thomas,49
Patricia,61
Robert,55
Sarah,54
Sarah,35
Thomas,20
Robert,60
Jennifer,31
Linda,86
John,33
Barbara,58
David,86
Joseph,78
Sarah,68
Michael,23
Thomas,55
Elizabeth,82
William,90
Barbara,74
Mary,57
Jennifer,85
Joseph,85
Charles,26
Mary,72
William,23
Karen,42
Charles,71
Susan,30
Karen,91
James,81
Mary,40
John,78
David,92
Michael,35
Robert,27
James,67
Elizabeth,68
William,94
James,67
Richard,75
Michael,83
Susan,52
Mary,24
Karen,59
Mary,35
Jennifer,79
Linda,28
Karen,71
Elizabeth,63
John,93
Robert,90
